system:index,EXG,EXR,ExGR,GLI1,NDVI,NGRDI,RI,VARI,lat,lon,res_m,.geo
0,-55.0,777.1999999999998,-832.1999999999998,-0.014600477829944126,0.38203958,-0.13513513,0.13513513,-0.1995870611152188,-0.9210875765719514,-48.592793242698306,10,"{""geodesic"":false,""type"":""Point"",""coordinates"":[-48.592793242698306,-0.9210875765719514]}"
1,-18.0,808.8,-826.7999999999997,-0.004675324674110306,0.39501438,-0.13693693,0.13693693,-0.19638242881370643,-0.9210875765719514,-48.59270341116989,10,"{""geodesic"":false,""type"":""Point"",""coordinates"":[-48.59270341116989,-0.9210875765719514]}"
2,-44.0,783.5999999999999,-827.5999999999999,-0.012235817571680808,0.403,-0.14697406,0.14697406,-0.21016483502049116,-0.9210875765719514,-48.59261357964148,10,"{""geodesic"":false,""type"":""Point"",""coordinates"":[-48.59261357964148,-0.9210875765719514]}"
3,42.0,604.3999999999999,-562.4000000000001,0.012781497257218048,0.4513369,-0.104413345,0.104413345,-0.15372424710481436,-0.9209977450435394,-48.592793242698306,10,"{""geodesic"":false,""type"":""Point"",""coordinates"":[-48.592793242698306,-0.9209977450435394]}"
4,6.0,680.8,-674.7999999999997,0.0017152658657189064,0.4366768,-0.118712276,0.118712276,-0.17429837505590962,-0.9209977450435394,-48.59270341116989,10,"{""geodesic"":false,""type"":""Point"",""coordinates"":[-48.59270341116989,-0.9209977450435394]}"
5,29.0,693.5999999999999,-664.5999999999999,0.008048848179836568,0.42017233,-0.11500975,0.11500975,-0.16749467695706552,-0.9209977450435394,-48.59261357964148,10,"{""geodesic"":false,""type"":""Point"",""coordinates"":[-48.59261357964148,-0.9209977450435394]}"
6,22.0,709.1999999999998,-687.1999999999998,0.006162464984268218,0.41873416,-0.12218964,0.12218964,-0.17605633790418565,-0.9209977450435394,-48.59252374811307,10,"{""geodesic"":false,""type"":""Point"",""coordinates"":[-48.59252374811307,-0.9209977450435394]}"
7,32.0,660.3999999999999,-628.4000000000001,0.00923787528601678,0.43708268,-0.11269035,0.11269035,-0.16444444432263372,-0.9209977450435394,-48.59243391658466,10,"{""geodesic"":false,""type"":""Point"",""coordinates"":[-48.59243391658466,-0.9209977450435394]}"
8,28.0,650.0,-622.0,0.008323424492174963,0.44559586,-0.11574557,0.11574557,-0.1681818180544077,-0.9209977450435394,-48.59234408505625,10,"{""geodesic"":false,""type"":""Point"",""coordinates"":[-48.59234408505625,-0.9209977450435394]}"
9,106.0,470.79999999999995,-364.7999999999997,0.034617896788171815,0.48309454,-0.064935066,0.064935066,-0.09838998202290698,-0.9209079135151275,-48.59288307422672,10,"{""geodesic"":false,""type"":""Point"",""coordinates"":[-48.59288307422672,-0.9209079135151275]}"
10,148.0,443.5999999999999,-295.5999999999999,0.050271739113358783,0.52292067,-0.058465287,0.058465287,-0.0862533691947409,-0.9209079135151275,-48.592793242698306,10,"{""geodesic"":false,""type"":""Point"",""coordinates"":[-48.592793242698306,-0.9209079135151275]}"
11,172.0,412.0,-240.0,0.06082036772955433,0.54545456,-0.050632913,0.050632913,-0.07393715335125955,-0.9209079135151275,-48.59270341116989,10,"{""geodesic"":false,""type"":""Point"",""coordinates"":[-48.59270341116989,-0.9209079135151275]}"
12,228.0,403.1999999999998,-175.19999999999982,0.07840440162365736,0.53812635,-0.039215688,0.039215688,-0.05614035082794706,-0.9209079135151275,-48.59261357964148,10,"{""geodesic"":false,""type"":""Point"",""coordinates"":[-48.59261357964148,-0.9209079135151275]}"
13,145.0,493.5999999999999,-348.5999999999999,0.047463175107213366,0.5026911,-0.07192575,0.07192575,-0.10393964785922911,-0.9209079135151275,-48.59252374811307,10,"{""geodesic"":false,""type"":""Point"",""coordinates"":[-48.59252374811307,-0.9209079135151275]}"
14,80.0,541.1999999999998,-461.1999999999998,0.026109660565891105,0.4878444,-0.09342561,0.09342561,-0.13613445366711388,-0.9209079135151275,-48.59243391658466,10,"{""geodesic"":false,""type"":""Point"",""coordinates"":[-48.59243391658466,-0.9209079135151275]}"
15,49.0,596.3999999999999,-547.4000000000001,0.015184381774036448,0.4680347,-0.10491803,0.10491803,-0.15335463246537168,-0.9209079135151275,-48.59234408505625,10,"{""geodesic"":false,""type"":""Point"",""coordinates"":[-48.59234408505625,-0.9209079135151275]}"
16,107.0,576.0,-469.0,0.031873696743558624,0.4811083,-0.08649789,0.08649789,-0.12605687922670492,-0.9209079135151275,-48.592254253527834,10,"{""geodesic"":false,""type"":""Point"",""coordinates"":[-48.592254253527834,-0.9209079135151275]}"
17,190.0,460.39999999999986,-270.4000000000001,0.062458908592222584,0.52063495,-0.057176195,0.057176195,-0.0820770518575569,-0.9209079135151275,-48.59216442199942,10,"{""geodesic"":false,""type"":""Point"",""coordinates"":[-48.59216442199942,-0.9209079135151275]}"
18,266.0,201.5999999999999,64.40000000000009,0.12582781451001523,0.6505987,0.02233677,-0.02233677,0.03213844248190551,-0.9209079135151275,-48.59207459047101,10,"{""geodesic"":false,""type"":""Point"",""coordinates"":[-48.59207459047101,-0.9209079135151275]}"
19,94.0,502.79999999999995,-408.7999999999997,0.03073904511748233,0.47997743,-0.07836258,0.07836258,-0.11652173902911152,-0.9208180819867154,-48.59288307422672,10,"{""geodesic"":false,""type"":""Point"",""coordinates"":[-48.59288307422672,-0.9208180819867154]}"
20,224.0,420.1999999999998,-196.19999999999982,0.07436918988234754,0.52922255,-0.04090101,0.04090101,-0.05892399653379675,-0.9208180819867154,-48.592793242698306,10,"{""geodesic"":false,""type"":""Point"",""coordinates"":[-48.592793242698306,-0.9208180819867154]}"
21,190.0,374.5999999999999,-184.5999999999999,0.06751954510749128,0.561614,-0.0340836,0.0340836,-0.05062082134611191,-0.9208180819867154,-48.59270341116989,10,"{""geodesic"":false,""type"":""Point"",""coordinates"":[-48.59270341116989,-0.9208180819867154]}"
22,223.0,319.19999999999993,-96.20000000000005,0.0874852883140505,0.5921016,-0.021186441,0.021186441,-0.030737704886539235,-0.9208180819867154,-48.59261357964148,10,"{""geodesic"":false,""type"":""Point"",""coordinates"":[-48.59261357964148,-0.9208180819867154]}"
23,235.0,295.9999999999999,-61.0,0.09190457563867635,0.5963616,-0.0085227275,0.0085227275,-0.01253918493987546,-0.9208180819867154,-48.59252374811307,10,"{""geodesic"":false,""type"":""Point"",""coordinates"":[-48.59252374811307,-0.9208180819867154]}"
24,184.0,344.5999999999999,-160.5999999999999,0.07066052224629013,0.5772727,-0.03261624,0.03261624,-0.048205128155687046,-0.9208180819867154,-48.59243391658466,10,"{""geodesic"":false,""type"":""Point"",""coordinates"":[-48.59243391658466,-0.9208180819867154]}"
25,182.0,398.79999999999995,-216.79999999999995,0.06570397109541373,0.56013,-0.047741935,0.047741935,-0.06928838944823183,-0.9208180819867154,-48.59234408505625,10,"{""geodesic"":false,""type"":""Point"",""coordinates"":[-48.59234408505625,-0.9208180819867154]}"
26,180.0,446.39999999999986,-266.4000000000001,0.06008010678902533,0.53974026,-0.054761905,0.054761905,-0.07944732290203166,-0.9208180819867154,-48.592254253527834,10,"{""geodesic"":false,""type"":""Point"",""coordinates"":[-48.592254253527834,-0.9208180819867154]}"
27,144.0,383.1999999999998,-239.19999999999982,0.053731343263533085,0.5699281,-0.04851752,0.04851752,-0.0724346075730034,-0.9208180819867154,-48.59216442199942,10,"{""geodesic"":false,""type"":""Point"",""coordinates"":[-48.59216442199942,-0.9208180819867154]}"
28,275.0,42.19999999999993,232.80000000000007,0.16437537348214262,0.73134327,0.12601157,-0.12601157,0.20036764669050064,-0.9208180819867154,-48.59207459047101,10,"{""geodesic"":false,""type"":""Point"",""coordinates"":[-48.59207459047101,-0.9208180819867154]}"
29,156.0,455.5999999999999,-299.5999999999999,0.051519154540449426,0.49405771,-0.057988167,0.057988167,-0.08536585358417607,-0.9207282504583035,-48.59288307422672,10,"{""geodesic"":false,""type"":""Point"",""coordinates"":[-48.59288307422672,-0.9207282504583035]}"
30,220.0,380.39999999999986,-160.39999999999986,0.07482993194733677,0.5446623,-0.028290283,0.028290283,-0.04174228671348249,-0.9207282504583035,-48.592793242698306,10,"{""geodesic"":false,""type"":""Point"",""coordinates"":[-48.592793242698306,-0.9207282504583035]}"
31,178.0,379.1999999999998,-201.19999999999982,0.06416726746064627,0.5608145,-0.0390625,0.0390625,-0.05791505785915534,-0.9207282504583035,-48.59270341116989,10,"{""geodesic"":false,""type"":""Point"",""coordinates"":[-48.59270341116989,-0.9207282504583035]}"
32,213.0,326.79999999999995,-113.79999999999995,0.08259015118937955,0.5826682,-0.023776224,0.023776224,-0.03472931559271776,-0.9207282504583035,-48.59261357964148,10,"{""geodesic"":false,""type"":""Point"",""coordinates"":[-48.59261357964148,-0.9207282504583035]}"
33,210.0,320.79999999999995,-110.79999999999995,0.08235294114417532,0.5888383,-0.02266289,0.02266289,-0.033195020712453296,-0.9207282504583035,-48.59252374811307,10,"{""geodesic"":false,""type"":""Point"",""coordinates"":[-48.59252374811307,-0.9207282504583035]}"
34,227.0,309.79999999999995,-82.79999999999995,0.08808692274424257,0.5900057,-0.014757554,0.014757554,-0.021649484513763417,-0.9207282504583035,-48.59243391658466,10,"{""geodesic"":false,""type"":""Point"",""coordinates"":[-48.59243391658466,-0.9207282504583035]}"
35,256.0,302.4,-46.399999999999864,0.09846153842366864,0.60153675,-0.008333334,0.008333334,-0.012072434595500569,-0.9207282504583035,-48.59234408505625,10,"{""geodesic"":false,""type"":""Point"",""coordinates"":[-48.59234408505625,-0.9207282504583035]}"
36,279.0,301.5999999999999,-22.59999999999991,0.10516396528263704,0.60064846,-0.004076087,0.004076087,-0.005859374994277954,-0.9207282504583035,-48.592254253527834,10,"{""geodesic"":false,""type"":""Point"",""coordinates"":[-48.592254253527834,-0.9207282504583035]}"
37,302.0,135.5999999999999,166.4000000000001,0.13374667841729554,0.67526376,0.072026804,-0.072026804,0.11168831154326193,-0.9207282504583035,-48.59216442199942,10,"{""geodesic"":false,""type"":""Point"",""coordinates"":[-48.59216442199942,-0.9207282504583035]}"
38,90.0,459.0,-369.0,0.029980013314463688,0.46891972,-0.06473079,0.06473079,-0.0993500463330083,-0.9206384189298916,-48.59297290575513,10,"{""geodesic"":false,""type"":""Point"",""coordinates"":[-48.59297290575513,-0.9206384189298916]}"
39,230.0,396.0,-166.0,0.0795847750589672,0.53255427,-0.037037037,0.037037037,-0.05309734508575455,-0.9206384189298916,-48.59288307422672,10,"{""geodesic"":false,""type"":""Point"",""coordinates"":[-48.59288307422672,-0.9206384189298916]}"
40,224.0,320.5999999999999,-96.59999999999991,0.08163265303147499,0.5803152,-0.011325783,0.011325783,-0.016999999983,-0.9206384189298916,-48.592793242698306,10,"{""geodesic"":false,""type"":""Point"",""coordinates"":[-48.592793242698306,-0.9206384189298916]}"
41,256.0,314.0,-58.0,0.09726443765301504,0.5865922,-0.012311902,0.012311902,-0.01775147927243444,-0.9206384189298916,-48.59270341116989,10,"{""geodesic"":false,""type"":""Point"",""coordinates"":[-48.59270341116989,-0.9206384189298916]}"
42,296.0,291.9999999999999,4.0,0.11526479746290312,0.58833617,-0.0027855153,0.0027855153,-0.003921568623606305,-0.9206384189298916,-48.59261357964148,10,"{""geodesic"":false,""type"":""Point"",""coordinates"":[-48.59261357964148,-0.9206384189298916]}"
43,243.0,282.4,-39.399999999999864,0.09414955439978707,0.59610987,0.0,0.0,0.0,-0.9206384189298916,-48.59252374811307,10,"{""geodesic"":false,""type"":""Point"",""coordinates"":[-48.59252374811307,-0.9206384189298916]}"
44,246.0,306.79999999999995,-60.799999999999955,0.09172259504410045,0.58937466,-0.0067842607,0.0067842607,-0.0100200400701202,-0.9206384189298916,-48.59243391658466,10,"{""geodesic"":false,""type"":""Point"",""coordinates"":[-48.59243391658466,-0.9206384189298916]}"
45,167.0,379.79999999999995,-212.79999999999995,0.061374494648520954,0.5737882,-0.043074884,0.043074884,-0.06378802741532087,-0.9206384189298916,-48.59234408505625,10,"{""geodesic"":false,""type"":""Point"",""coordinates"":[-48.59234408505625,-0.9206384189298916]}"
46,241.0,290.9999999999999,-50.0,0.09077212802607454,0.6084256,-6.901311E-4,6.901311E-4,-0.001034126162322517,-0.9206384189298916,-48.592254253527834,10,"{""geodesic"":false,""type"":""Point"",""coordinates"":[-48.592254253527834,-0.9206384189298916]}"
47,375.0,76.0,299.0,0.17449976725244312,0.70767003,0.11091549,-0.11091549,0.16710875309402023,-0.9206384189298916,-48.59216442199942,10,"{""geodesic"":false,""type"":""Point"",""coordinates"":[-48.59216442199942,-0.9206384189298916]}"
48,104.0,436.79999999999995,-332.79999999999995,0.03631284914933211,0.5107496,-0.06313131,0.06313131,-0.09560229436366892,-0.9205485874014796,-48.59297290575513,10,"{""geodesic"":false,""type"":""Point"",""coordinates"":[-48.59297290575513,-0.9205485874014796]}"
49,154.0,429.0,-275.0,0.053287197213395435,0.53779227,-0.05524519,0.05524519,-0.08142726433538218,-0.9205485874014796,-48.59288307422672,10,"{""geodesic"":false,""type"":""Point"",""coordinates"":[-48.59288307422672,-0.9205485874014796]}"
50,278.0,314.5999999999999,-36.59999999999991,0.10138584970773674,0.5822854,-0.005924951,0.005924951,-0.008563273065115819,-0.9205485874014796,-48.592793242698306,10,"{""geodesic"":false,""type"":""Point"",""coordinates"":[-48.592793242698306,-0.9205485874014796]}"
51,306.0,280.9999999999999,25.0,0.11512415345555901,0.5962389,0.007477906,-0.007477906,0.010731707306603212,-0.9205485874014796,-48.59270341116989,10,"{""geodesic"":false,""type"":""Point"",""coordinates"":[-48.59270341116989,-0.9205485874014796]}"
52,271.0,277.9999999999999,-7.0,0.10339565047562166,0.59932756,0.0055632824,-0.0055632824,0.008179959091840532,-0.9205485874014796,-48.59261357964148,10,"{""geodesic"":false,""type"":""Point"",""coordinates"":[-48.59261357964148,-0.9205485874014796]}"
53,250.0,292.4,-42.399999999999864,0.09448223730367263,0.5944134,-0.0013793104,0.0013793104,-0.002044989772960133,-0.9205485874014796,-48.59252374811307,10,"{""geodesic"":false,""type"":""Point"",""coordinates"":[-48.59252374811307,-0.9205485874014796]}"
54,234.0,296.79999999999995,-62.799999999999955,0.08737864074407072,0.6002185,-0.002739726,0.002739726,-0.004123711335954937,-0.9205485874014796,-48.59243391658466,10,"{""geodesic"":false,""type"":""Point"",""coordinates"":[-48.59243391658466,-0.9205485874014796]}"
55,195.0,333.20000000000005,-138.20000000000005,0.07328072150571939,0.60149175,-0.023255814,0.023255814,-0.03480040938096171,-0.9205485874014796,-48.59234408505625,10,"{""geodesic"":false,""type"":""Point"",""coordinates"":[-48.59234408505625,-0.9205485874014796]}"
56,273.0,200.5999999999999,72.40000000000009,0.11156518180974043,0.6457336,0.038961038,-0.038961038,0.05992949464168097,-0.9205485874014796,-48.592254253527834,10,"{""geodesic"":false,""type"":""Point"",""coordinates"":[-48.592254253527834,-0.9205485874014796]}"
57,119.0,446.0,-327.0,0.04085135597636411,0.5077275,-0.06304079,0.06304079,-0.09435707669347171,-0.9204587558730677,-48.59297290575513,10,"{""geodesic"":false,""type"":""Point"",""coordinates"":[-48.59297290575513,-0.9204587558730677]}"
58,214.0,375.79999999999995,-161.79999999999995,0.07637401853091577,0.5485315,-0.033952594,0.033952594,-0.04934823086652865,-0.9204587558730677,-48.59288307422672,10,"{""geodesic"":false,""type"":""Point"",""coordinates"":[-48.59288307422672,-0.9204587558730677]}"
59,318.0,309.1999999999998,8.800000000000182,0.11126661997506417,0.567033,0.0037926675,-0.0037926675,0.0054545454495867765,-0.9204587558730677,-48.592793242698306,10,"{""geodesic"":false,""type"":""Point"",""coordinates"":[-48.592793242698306,-0.9204587558730677]}"
60,294.0,305.1999999999998,-11.199999999999818,0.10552763815307695,0.5796388,0.0013003901,-0.0013003901,0.0018867924510501957,-0.9204587558730677,-48.59270341116989,10,"{""geodesic"":false,""type"":""Point"",""coordinates"":[-48.59270341116989,-0.9204587558730677]}"
61,286.0,280.0,6.0,0.10553505531161068,0.59759104,0.009433962,-0.009433962,0.013902681217574299,-0.9204587558730677,-48.59261357964148,10,"{""geodesic"":false,""type"":""Point"",""coordinates"":[-48.59261357964148,-0.9204587558730677]}"
62,281.0,275.19999999999993,5.7999999999999545,0.10426716137132945,0.6019683,0.010869565,-0.010869565,0.016112789510460433,-0.9204587558730677,-48.59252374811307,10,"{""geodesic"":false,""type"":""Point"",""coordinates"":[-48.59252374811307,-0.9204587558730677]}"
63,300.0,286.20000000000005,13.799999999999955,0.11160714281562235,0.598913,0.006060606,-0.006060606,0.008746355676631335,-0.9204587558730677,-48.59243391658466,10,"{""geodesic"":false,""type"":""Point"",""coordinates"":[-48.59243391658466,-0.9204587558730677]}"
64,316.0,245.19999999999993,70.79999999999995,0.12098009183729706,0.6162727,0.023776224,-0.023776224,0.03469387751561849,-0.9204587558730677,-48.59234408505625,10,"{""geodesic"":false,""type"":""Point"",""coordinates"":[-48.59234408505625,-0.9204587558730677]}"
65,314.0,108.59999999999991,205.4000000000001,0.1474178403063766,0.6726115,0.086222224,-0.086222224,0.13269493825896725,-0.9204587558730677,-48.592254253527834,10,"{""geodesic"":false,""type"":""Point"",""coordinates"":[-48.592254253527834,-0.9204587558730677]}"
66,22.0,553.1999999999998,-531.1999999999998,0.0069052102928734435,0.4506243,-0.09378531,0.09378531,-0.14359861579273475,-0.9203689243446558,-48.59306273728354,10,"{""geodesic"":false,""type"":""Point"",""coordinates"":[-48.59306273728354,-0.9203689243446558]}"
67,198.0,453.79999999999995,-255.79999999999973,0.06517445685807292,0.50466776,-0.05435418,0.05435418,-0.07795473589442184,-0.9203689243446558,-48.59297290575513,10,"{""geodesic"":false,""type"":""Point"",""coordinates"":[-48.59297290575513,-0.9203689243446558]}"
68,214.0,382.39999999999986,-168.39999999999986,0.07648320226001315,0.55056804,-0.0370844,0.0370844,-0.05355493993208223,-0.9203689243446558,-48.59288307422672,10,"{""geodesic"":false,""type"":""Point"",""coordinates"":[-48.59288307422672,-0.9203689243446558]}"
69,182.0,380.0,-198.0,0.06551475879571103,0.5604396,-0.038961038,0.038961038,-0.05758157384109253,-0.9203689243446558,-48.592793242698306,10,"{""geodesic"":false,""type"":""Point"",""coordinates"":[-48.592793242698306,-0.9203689243446558]}"
70,262.0,334.79999999999995,-72.79999999999995,0.09431245496964995,0.5657968,-0.014267186,0.014267186,-0.020637898667319042,-0.9203689243446558,-48.59270341116989,10,"{""geodesic"":false,""type"":""Point"",""coordinates"":[-48.59270341116989,-0.9203689243446558]}"
71,286.0,310.5999999999999,-24.59999999999991,0.1019244475759357,0.5749588,-6.4641243E-4,6.4641243E-4,-9.425070679146963E-4,-0.9203689243446558,-48.59261357964148,10,"{""geodesic"":false,""type"":""Point"",""coordinates"":[-48.59261357964148,-0.9203689243446558]}"
72,321.0,238.19999999999993,82.79999999999995,0.11928651054653047,0.60491073,0.030800821,-0.030800821,0.04573170727059786,-0.9203689243446558,-48.59252374811307,10,"{""geodesic"":false,""type"":""Point"",""coordinates"":[-48.59252374811307,-0.9203689243446558]}"
73,312.0,251.5999999999999,60.40000000000009,0.11641791040432169,0.6089814,0.023255814,-0.023255814,0.034274193513836496,-0.9203689243446558,-48.59243391658466,10,"{""geodesic"":false,""type"":""Point"",""coordinates"":[-48.59243391658466,-0.9203689243446558]}"
74,412.0,201.9999999999999,210.0,0.14651493593651674,0.60482985,0.056356486,-0.056356486,0.08221797315275528,-0.9203689243446558,-48.59234408505625,10,"{""geodesic"":false,""type"":""Point"",""coordinates"":[-48.59234408505625,-0.9203689243446558]}"
75,276.0,100.0,176.0,0.12994350276368008,0.6831432,0.09090909,-0.09090909,0.14792899386401037,-0.9203689243446558,-48.592254253527834,10,"{""geodesic"":false,""type"":""Point"",""coordinates"":[-48.592254253527834,-0.9203689243446558]}"
76,132.0,487.5999999999999,-355.5999999999999,0.04347826085524432,0.48361582,-0.07151231,0.07151231,-0.1044520547050924,-0.9202790928162438,-48.59306273728354,10,"{""geodesic"":false,""type"":""Point"",""coordinates"":[-48.59306273728354,-0.9202790928162438]}"
77,187.0,423.39999999999986,-236.4000000000001,0.06358381500728194,0.5332068,-0.048082776,0.048082776,-0.07009760419689653,-0.9202790928162438,-48.59297290575513,10,"{""geodesic"":false,""type"":""Point"",""coordinates"":[-48.59297290575513,-0.9202790928162438]}"
78,172.0,430.39999999999986,-258.4000000000001,0.05931034480713437,0.53604335,-0.054187194,0.054187194,-0.07885304652432522,-0.9202790928162438,-48.59288307422672,10,"{""geodesic"":false,""type"":""Point"",""coordinates"":[-48.59288307422672,-0.9202790928162438]}"
79,195.0,424.0,-229.0,0.06666666664387465,0.5326087,-0.048780486,0.048780486,-0.0704845814356964,-0.9202790928162438,-48.592793242698306,10,"{""geodesic"":false,""type"":""Point"",""coordinates"":[-48.592793242698306,-0.9202790928162438]}"
80,202.0,432.1999999999998,-230.19999999999982,0.06960716744672393,0.5233361,-0.053081147,0.053081147,-0.07552083326777705,-0.9202790928162438,-48.59270341116989,10,"{""geodesic"":false,""type"":""Point"",""coordinates"":[-48.59270341116989,-0.9202790928162438]}"
81,212.0,368.0,-156.0,0.07290233835182176,0.5459579,-0.025,0.025,-0.03731343280101358,-0.9202790928162438,-48.59261357964148,10,"{""geodesic"":false,""type"":""Point"",""coordinates"":[-48.59261357964148,-0.9202790928162438]}"
82,194.0,367.79999999999995,-173.79999999999995,0.06731436500093187,0.5528634,-0.027197976,0.027197976,-0.04099142036130465,-0.9202790928162438,-48.59252374811307,10,"{""geodesic"":false,""type"":""Point"",""coordinates"":[-48.59252374811307,-0.9202790928162438]}"
83,200.0,350.39999999999986,-150.39999999999986,0.07002801117996219,0.5647895,-0.020512821,0.020512821,-0.03112840463898015,-0.9202790928162438,-48.59243391658466,10,"{""geodesic"":false,""type"":""Point"",""coordinates"":[-48.59243391658466,-0.9202790928162438]}"
84,340.0,214.39999999999998,125.60000000000014,0.12859304079856543,0.6197339,0.041899443,-0.041899443,0.062111801177938096,-0.9202790928162438,-48.59234408505625,10,"{""geodesic"":false,""type"":""Point"",""coordinates"":[-48.59234408505625,-0.9202790928162438]}"
85,148.0,450.79999999999995,-302.7999999999997,0.051460361595458845,0.5216426,-0.06551298,0.06551298,-0.0949820787679372,-0.9201892612878319,-48.59306273728354,10,"{""geodesic"":false,""type"":""Point"",""coordinates"":[-48.59306273728354,-0.9201892612878319]}"
86,158.0,383.1999999999998,-225.19999999999982,0.05864884927295885,0.56122166,-0.046791445,0.046791445,-0.06923837777523405,-0.9201892612878319,-48.59297290575513,10,"{""geodesic"":false,""type"":""Point"",""coordinates"":[-48.59297290575513,-0.9201892612878319]}"
87,138.0,383.0,-245.0,0.05114899923975204,0.5671476,-0.047683008,0.047683008,-0.07178968647948464,-0.9201892612878319,-48.59288307422672,10,"{""geodesic"":false,""type"":""Point"",""coordinates"":[-48.59288307422672,-0.9201892612878319]}"
88,143.0,408.0,-265.0,0.05179282866650024,0.547486,-0.0546875,0.0546875,-0.08100289288235014,-0.9201892612878319,-48.592793242698306,10,"{""geodesic"":false,""type"":""Point"",""coordinates"":[-48.592793242698306,-0.9201892612878319]}"
89,160.0,445.79999999999995,-285.7999999999997,0.05547850206120718,0.5157303,-0.062230438,0.062230438,-0.08993766688340367,-0.9201892612878319,-48.59270341116989,10,"{""geodesic"":false,""type"":""Point"",""coordinates"":[-48.59270341116989,-0.9201892612878319]}"
90,191.0,384.5999999999999,-193.5999999999999,0.06494389661171578,0.53198653,-0.031539887,0.031539887,-0.047397769472678646,-0.9201892612878319,-48.59261357964148,10,"{""geodesic"":false,""type"":""Point"",""coordinates"":[-48.59261357964148,-0.9201892612878319]}"
91,214.0,377.39999999999986,-163.39999999999986,0.07446068195043122,0.55344033,-0.030759573,0.030759573,-0.04520295198782015,-0.9201892612878319,-48.59252374811307,10,"{""geodesic"":false,""type"":""Point"",""coordinates"":[-48.59252374811307,-0.9201892612878319]}"
92,236.0,357.5999999999999,-121.59999999999991,0.08160442597454896,0.56189454,-0.020050125,0.020050125,-0.02957486134050382,-0.9201892612878319,-48.59243391658466,10,"{""geodesic"":false,""type"":""Point"",""coordinates"":[-48.59243391658466,-0.9201892612878319]}"
93,220.0,211.19999999999993,8.799999999999955,0.10396975420417309,0.6463263,0.013888889,-0.013888889,0.02072538857418991,-0.9201892612878319,-48.59234408505625,10,"{""geodesic"":false,""type"":""Point"",""coordinates"":[-48.59234408505625,-0.9201892612878319]}"
94,133.0,433.0,-300.0,0.04550119738436497,0.5267091,-0.056207534,0.056207534,-0.08433734931942784,-0.9200994297594198,-48.59315256881195,10,"{""geodesic"":false,""type"":""Point"",""coordinates"":[-48.59315256881195,-0.9200994297594198]}"
95,174.0,389.0,-215.0,0.06200997859514969,0.56545067,-0.041800644,0.041800644,-0.06196377496476284,-0.9200994297594198,-48.59306273728354,10,"{""geodesic"":false,""type"":""Point"",""coordinates"":[-48.59306273728354,-0.9200994297594198]}"
96,152.0,416.39999999999986,-264.39999999999986,0.053596614931736036,0.5472623,-0.05323194,0.05323194,-0.07872539823924517,-0.9200994297594198,-48.59297290575513,10,"{""geodesic"":false,""type"":""Point"",""coordinates"":[-48.59297290575513,-0.9200994297594198]}"
97,136.0,390.0,-254.0,0.05089820357376564,0.5583239,-0.05263158,0.05263158,-0.0784708248707537,-0.9200994297594198,-48.59288307422672,10,"{""geodesic"":false,""type"":""Point"",""coordinates"":[-48.59288307422672,-0.9200994297594198]}"
98,192.0,340.20000000000005,-148.20000000000005,0.0752351096883875,0.5719708,-0.033121917,0.033121917,-0.04835390941527375,-0.9200994297594198,-48.592793242698306,10,"{""geodesic"":false,""type"":""Point"",""coordinates"":[-48.592793242698306,-0.9200994297594198]}"
99,230.0,341.39999999999986,-111.39999999999986,0.09005481593968097,0.57031024,-0.03131524,0.03131524,-0.044291338539083326,-0.9200994297594198,-48.59270341116989,10,"{""geodesic"":false,""type"":""Point"",""coordinates"":[-48.59270341116989,-0.9200994297594198]}"
100,171.0,364.20000000000005,-193.20000000000005,0.06465028352943279,0.56487024,-0.040218133,0.040218133,-0.05941591131982285,-0.9200994297594198,-48.59261357964148,10,"{""geodesic"":false,""type"":""Point"",""coordinates"":[-48.59261357964148,-0.9200994297594198]}"
101,227.0,322.0,-95.0,0.08634461769252773,0.5835678,-0.017881706,0.017881706,-0.026183282954498205,-0.9200994297594198,-48.59252374811307,10,"{""geodesic"":false,""type"":""Point"",""coordinates"":[-48.59252374811307,-0.9200994297594198]}"
102,216.0,273.9999999999999,-58.0,0.09278350511478373,0.609375,-0.01088647,0.01088647,-0.015909090891012397,-0.9200994297594198,-48.59243391658466,10,"{""geodesic"":false,""type"":""Point"",""coordinates"":[-48.59243391658466,-0.9200994297594198]}"
103,217.0,315.79999999999995,-98.79999999999995,0.08028116904170138,0.59236014,-0.011509817,0.011509817,-0.017329255843701066,-0.9200095982310079,-48.59315256881195,10,"{""geodesic"":false,""type"":""Point"",""coordinates"":[-48.59315256881195,-0.9200095982310079]}"
104,318.0,242.9999999999999,75.0,0.12091254748254276,0.62606835,0.025748087,-0.025748087,0.037716615659819965,-0.9200095982310079,-48.59306273728354,10,"{""geodesic"":false,""type"":""Point"",""coordinates"":[-48.59306273728354,-0.9200095982310079]}"
105,286.0,310.39999999999986,-24.399999999999864,0.10354815347445759,0.59190196,-0.002617801,0.002617801,-0.003787878784291781,-0.9200095982310079,-48.59297290575513,10,"{""geodesic"":false,""type"":""Point"",""coordinates"":[-48.59297290575513,-0.9200095982310079]}"
106,201.0,369.5999999999999,-168.5999999999999,0.07264185035321943,0.5632563,-0.033854168,0.033854168,-0.04966571150939282,-0.9200095982310079,-48.59288307422672,10,"{""geodesic"":false,""type"":""Point"",""coordinates"":[-48.59288307422672,-0.9200095982310079]}"
107,188.0,371.0,-183.0,0.06901615269125692,0.56303924,-0.037673496,0.037673496,-0.05533980577151475,-0.9200095982310079,-48.592793242698306,10,"{""geodesic"":false,""type"":""Point"",""coordinates"":[-48.592793242698306,-0.9200095982310079]}"
108,157.0,382.79999999999995,-225.79999999999995,0.05958254267188519,0.56482524,-0.050340135,0.050340135,-0.07377866393441808,-0.9200095982310079,-48.59270341116989,10,"{""geodesic"":false,""type"":""Point"",""coordinates"":[-48.59270341116989,-0.9200095982310079]}"
109,171.0,364.0,-193.0,0.06504374284326979,0.5784803,-0.04109589,0.04109589,-0.06054490407614036,-0.9200095982310079,-48.59261357964148,10,"{""geodesic"":false,""type"":""Point"",""coordinates"":[-48.59261357964148,-0.9200095982310079]}"
110,253.0,260.79999999999995,-7.7999999999999545,0.10027744744340966,0.61534125,0.008720931,-0.008720931,0.013001083409532955,-0.9200095982310079,-48.59252374811307,10,"{""geodesic"":false,""type"":""Point"",""coordinates"":[-48.59252374811307,-0.9200095982310079]}"
111,191.0,149.5999999999999,41.40000000000009,0.10558319507706843,0.6916944,0.0373444,-0.0373444,0.05815831977680401,-0.9200095982310079,-48.59243391658466,10,"{""geodesic"":false,""type"":""Point"",""coordinates"":[-48.59243391658466,-0.9200095982310079]}"
112,56.0,451.1999999999998,-395.1999999999998,0.01736972704175877,0.5062534,-0.050925925,0.050925925,-0.08365019003455304,-0.919919766702596,-48.593242400340365,10,"{""geodesic"":false,""type"":""Point"",""coordinates"":[-48.593242400340365,-0.919919766702596]}"
113,353.0,218.19999999999993,134.79999999999995,0.13295668544898054,0.6479553,0.04083045,-0.04083045,0.05977710226972938,-0.919919766702596,-48.59315256881195,10,"{""geodesic"":false,""type"":""Point"",""coordinates"":[-48.59315256881195,-0.919919766702596]}"
114,425.0,143.79999999999995,281.20000000000005,0.16738873565679846,0.66489923,0.0793882,-0.0793882,0.11497890283230074,-0.919919766702596,-48.59306273728354,10,"{""geodesic"":false,""type"":""Point"",""coordinates"":[-48.59306273728354,-0.919919766702596]}"
115,340.0,208.5999999999999,131.4000000000001,0.13513513508142483,0.64407235,0.040058266,-0.040058266,0.05826271180268781,-0.919919766702596,-48.59297290575513,10,"{""geodesic"":false,""type"":""Point"",""coordinates"":[-48.59297290575513,-0.919919766702596]}"
116,248.0,287.4,-39.399999999999864,0.09702660403089726,0.60492444,-0.0035536604,0.0035536604,-0.005213764332415261,-0.919919766702596,-48.59288307422672,10,"{""geodesic"":false,""type"":""Point"",""coordinates"":[-48.59288307422672,-0.919919766702596]}"
117,227.0,293.19999999999993,-66.20000000000005,0.08849902530662807,0.5988669,-0.0071123755,0.0071123755,-0.010582010570812688,-0.919919766702596,-48.592793242698306,10,"{""geodesic"":false,""type"":""Point"",""coordinates"":[-48.592793242698306,-0.919919766702596]}"
118,232.0,305.79999999999995,-73.79999999999995,0.09062499996459962,0.5993294,-0.013427562,0.013427562,-0.019628099153276755,-0.919919766702596,-48.59270341116989,10,"{""geodesic"":false,""type"":""Point"",""coordinates"":[-48.59270341116989,-0.919919766702596]}"
119,227.0,285.5999999999999,-58.59999999999991,0.09120128562024858,0.6088561,-0.0073099416,0.0073099416,-0.010799136057452337,-0.919919766702596,-48.59261357964148,10,"{""geodesic"":false,""type"":""Point"",""coordinates"":[-48.59261357964148,-0.919919766702596]}"
120,280.0,207.5999999999999,72.40000000000009,0.11217948713454348,0.6518919,0.037369207,-0.037369207,0.05720823792081437,-0.919919766702596,-48.59252374811307,10,"{""geodesic"":false,""type"":""Point"",""coordinates"":[-48.59252374811307,-0.919919766702596]}"
121,347.0,-9.800000000000068,356.80000000000007,0.191818684249962,0.77283657,0.17557251,-0.17557251,0.2854609924016649,-0.919919766702596,-48.59243391658466,10,"{""geodesic"":false,""type"":""Point"",""coordinates"":[-48.59243391658466,-0.919919766702596]}"
122,254.0,345.1999999999998,-91.19999999999982,0.0830608240408565,0.5675955,-0.006002401,0.006002401,-0.00907441015510489,-0.919829935174184,-48.593242400340365,10,"{""geodesic"":false,""type"":""Point"",""coordinates"":[-48.593242400340365,-0.919829935174184]}"
123,377.0,182.79999999999995,194.20000000000005,0.1419962334681747,0.65467626,0.06013986,-0.06013986,0.08930425743582113,-0.919829935174184,-48.59315256881195,10,"{""geodesic"":false,""type"":""Point"",""coordinates"":[-48.59315256881195,-0.919829935174184]}"
124,390.0,180.39999999999998,209.60000000000014,0.1539068665533122,0.6558287,0.05788712,-0.05788712,0.08324661801951444,-0.919829935174184,-48.59306273728354,10,"{""geodesic"":false,""type"":""Point"",""coordinates"":[-48.59306273728354,-0.919829935174184]}"
125,370.0,192.39999999999998,177.60000000000014,0.14601420673006543,0.64482945,0.05065123,-0.05065123,0.07322175724558394,-0.919829935174184,-48.59297290575513,10,"{""geodesic"":false,""type"":""Point"",""coordinates"":[-48.59297290575513,-0.919829935174184]}"
126,297.0,255.19999999999993,41.799999999999955,0.11587982828096768,0.617866,0.015625,-0.015625,0.02272727270379414,-0.919829935174184,-48.59288307422672,10,"{""geodesic"":false,""type"":""Point"",""coordinates"":[-48.59288307422672,-0.919829935174184]}"
127,259.0,294.5999999999999,-35.59999999999991,0.10339321353157956,0.60823596,-0.009318996,0.009318996,-0.013319672117500335,-0.919829935174184,-48.592793242698306,10,"{""geodesic"":false,""type"":""Point"",""coordinates"":[-48.592793242698306,-0.919829935174184]}"
128,291.0,245.9999999999999,45.0,0.11488353726218574,0.619474,0.01875902,-0.01875902,0.027513227484112987,-0.919829935174184,-48.59270341116989,10,"{""geodesic"":false,""type"":""Point"",""coordinates"":[-48.59270341116989,-0.919829935174184]}"
129,350.0,160.0,190.0,0.14767932483220284,0.6511628,0.0625,-0.0625,0.09195402288281147,-0.919829935174184,-48.59261357964148,10,"{""geodesic"":false,""type"":""Point"",""coordinates"":[-48.59261357964148,-0.919829935174184]}"
130,322.0,74.0,248.0,0.15768854056920248,0.71717775,0.10881801,-0.10881801,0.1703377383695481,-0.919829935174184,-48.59252374811307,10,"{""geodesic"":false,""type"":""Point"",""coordinates"":[-48.59252374811307,-0.919829935174184]}"
131,273.0,281.4,-8.399999999999864,0.10129870126111366,0.61956805,0.007467753,-0.007467753,0.011077542788441547,-0.9197401036457721,-48.593242400340365,10,"{""geodesic"":false,""type"":""Point"",""coordinates"":[-48.593242400340365,-0.9197401036457721]}"
132,319.0,207.9999999999999,111.0,0.12816392120202333,0.6520343,0.03846154,-0.03846154,0.05670665206466014,-0.9197401036457721,-48.59315256881195,10,"{""geodesic"":false,""type"":""Point"",""coordinates"":[-48.59315256881195,-0.9197401036457721]}"
133,215.0,257.4,-42.399999999999864,0.0875050874694729,0.63691294,0.005267118,-0.005267118,0.008055235894067623,-0.9197401036457721,-48.59306273728354,10,"{""geodesic"":false,""type"":""Point"",""coordinates"":[-48.59306273728354,-0.9197401036457721]}"
134,301.0,238.79999999999995,62.200000000000045,0.12006382125246756,0.63298744,0.02183406,-0.02183406,0.03181336157814066,-0.9197401036457721,-48.59297290575513,10,"{""geodesic"":false,""type"":""Point"",""coordinates"":[-48.59297290575513,-0.9197401036457721]}"
135,392.0,190.5999999999999,201.4000000000001,0.1512345678428879,0.641383,0.054416962,-0.054416962,0.07825203244080078,-0.9197401036457721,-48.59288307422672,10,"{""geodesic"":false,""type"":""Point"",""coordinates"":[-48.59288307422672,-0.9197401036457721]}"
136,271.0,250.5999999999999,20.40000000000009,0.10715697900072876,0.63147897,0.015228426,-0.015228426,0.02260495153648552,-0.9197401036457721,-48.592793242698306,10,"{""geodesic"":false,""type"":""Point"",""coordinates"":[-48.592793242698306,-0.9197401036457721]}"
137,230.0,279.9999999999999,-50.0,0.08949416338930188,0.6195652,0.0,0.0,0.0,-0.9197401036457721,-48.59270341116989,10,"{""geodesic"":false,""type"":""Point"",""coordinates"":[-48.59270341116989,-0.9197401036457721]}"
138,243.0,200.79999999999995,42.200000000000045,0.10980569357894004,0.65024036,0.026755853,-0.026755853,0.04035308948253078,-0.9197401036457721,-48.59261357964148,10,"{""geodesic"":false,""type"":""Point"",""coordinates"":[-48.59261357964148,-0.9197401036457721]}"
139,120.0,78.39999999999998,41.60000000000002,0.08620689648979389,0.78076667,0.07386363,-0.07386363,0.13197969509649823,-0.9197401036457721,-48.59252374811307,10,"{""geodesic"":false,""type"":""Point"",""coordinates"":[-48.59252374811307,-0.9197401036457721]}"
140,217.0,367.0,-150.0,0.07255098626795353,0.57774967,-0.020158827,0.020158827,-0.030414746515746775,-0.9196502721173602,-48.59333223186878,10,"{""geodesic"":false,""type"":""Point"",""coordinates"":[-48.59333223186878,-0.9196502721173602]}"
141,310.0,235.39999999999998,74.60000000000014,0.1196911196449069,0.64064956,0.027639972,-0.027639972,0.040752351054595244,-0.9196502721173602,-48.593242400340365,10,"{""geodesic"":false,""type"":""Point"",""coordinates"":[-48.593242400340365,-0.9196502721173602]}"
142,272.0,245.5999999999999,26.40000000000009,0.11038961034480942,0.6416622,0.014836796,-0.014836796,0.021834061111534867,-0.9196502721173602,-48.59315256881195,10,"{""geodesic"":false,""type"":""Point"",""coordinates"":[-48.59315256881195,-0.9196502721173602]}"
143,213.0,271.79999999999995,-58.799999999999955,0.08747433261294689,0.6270618,-0.0037622273,0.0037622273,-0.0056497175077404324,-0.9196502721173602,-48.59306273728354,10,"{""geodesic"":false,""type"":""Point"",""coordinates"":[-48.59306273728354,-0.9196502721173602]}"
144,225.0,276.5999999999999,-51.59999999999991,0.09316770182477528,0.6296706,-0.006772009,0.006772009,-0.009966777397600468,-0.9196502721173602,-48.59297290575513,10,"{""geodesic"":false,""type"":""Point"",""coordinates"":[-48.59297290575513,-0.9196502721173602]}"
145,358.0,170.0,188.0,0.14708299090095195,0.6655879,0.059180576,-0.059180576,0.08666666657037037,-0.9196502721173602,-48.59288307422672,10,"{""geodesic"":false,""type"":""Point"",""coordinates"":[-48.59288307422672,-0.9196502721173602]}"
146,308.0,203.19999999999993,104.79999999999995,0.12561174546263795,0.66332453,0.039156627,-0.039156627,0.05816554803337187,-0.9196502721173602,-48.592793242698306,10,"{""geodesic"":false,""type"":""Point"",""coordinates"":[-48.592793242698306,-0.9196502721173602]}"
147,393.0,105.79999999999995,287.20000000000005,0.16659601519008224,0.6835054,0.09641434,-0.09641434,0.14421930852894005,-0.9196502721173602,-48.59270341116989,10,"{""geodesic"":false,""type"":""Point"",""coordinates"":[-48.59270341116989,-0.9196502721173602]}"
148,313.0,28.799999999999955,284.20000000000005,0.18912386695521216,0.7319885,0.1388889,-0.1388889,0.21238938015506303,-0.9196502721173602,-48.59261357964148,10,"{""geodesic"":false,""type"":""Point"",""coordinates"":[-48.59261357964148,-0.9196502721173602]}"
149,201.0,307.79999999999995,-106.79999999999995,0.07616521406738719,0.6174691,-0.011830201,0.011830201,-0.017989417970381567,-0.9195604405889481,-48.59333223186878,10,"{""geodesic"":false,""type"":""Point"",""coordinates"":[-48.59333223186878,-0.9195604405889481]}"
150,274.0,216.39999999999998,57.600000000000136,0.11057304273181072,0.6513761,0.031484257,-0.031484257,0.047835990833899784,-0.9195604405889481,-48.593242400340365,10,"{""geodesic"":false,""type"":""Point"",""coordinates"":[-48.593242400340365,-0.9195604405889481]}"
151,259.0,232.0,27.0,0.10805173128575231,0.64912283,0.018404908,-0.018404908,0.027428571397224488,-0.9195604405889481,-48.59315256881195,10,"{""geodesic"":false,""type"":""Point"",""coordinates"":[-48.59315256881195,-0.9195604405889481]}"
152,246.0,245.5999999999999,0.40000000000009095,0.10106820045149212,0.63484085,0.012084592,-0.012084592,0.018099547490837618,-0.9195604405889481,-48.59306273728354,10,"{""geodesic"":false,""type"":""Point"",""coordinates"":[-48.59306273728354,-0.9195604405889481]}"
153,291.0,239.19999999999993,51.799999999999955,0.11672683509156566,0.6375475,0.02052786,-0.02052786,0.030075187937620637,-0.9195604405889481,-48.59297290575513,10,"{""geodesic"":false,""type"":""Point"",""coordinates"":[-48.59297290575513,-0.9195604405889481]}"
154,372.0,148.79999999999995,223.20000000000005,0.15121951213365062,0.6751592,0.07272727,-0.07272727,0.10810810798636475,-0.9195604405889481,-48.59288307422672,10,"{""geodesic"":false,""type"":""Point"",""coordinates"":[-48.59288307422672,-0.9195604405889481]}"
155,331.0,165.19999999999993,165.79999999999995,0.13406237337624044,0.6772846,0.062215477,-0.062215477,0.0945790079647301,-0.9195604405889481,-48.592793242698306,10,"{""geodesic"":false,""type"":""Point"",""coordinates"":[-48.592793242698306,-0.9195604405889481]}"
156,347.0,77.59999999999991,269.4000000000001,0.16902094487626843,0.7199074,0.10701107,-0.10701107,0.16223776201085627,-0.9195604405889481,-48.59270341116989,10,"{""geodesic"":false,""type"":""Point"",""coordinates"":[-48.59270341116989,-0.9195604405889481]}"
157,293.0,-25.80000000000001,318.80000000000007,0.21003584214334348,0.7947044,0.19716312,-0.19716312,0.3180778024757945,-0.9195604405889481,-48.59261357964148,10,"{""geodesic"":false,""type"":""Point"",""coordinates"":[-48.59261357964148,-0.9195604405889481]}"
158,312.0,201.0,111.0,0.13565217385406428,0.65940815,0.034045924,-0.034045924,0.04891922633797585,-0.9194706090605362,-48.59333223186878,10,"{""geodesic"":false,""type"":""Point"",""coordinates"":[-48.59333223186878,-0.9194706090605362]}"
159,298.0,186.0,112.0,0.12552653743659373,0.65575624,0.045383412,-0.045383412,0.06823529403737025,-0.9194706090605362,-48.593242400340365,10,"{""geodesic"":false,""type"":""Point"",""coordinates"":[-48.593242400340365,-0.9194706090605362]}"
160,290.0,189.0,101.0,0.1238257898702708,0.6617277,0.041963577,-0.041963577,0.06294536809626441,-0.9194706090605362,-48.59315256881195,10,"{""geodesic"":false,""type"":""Point"",""coordinates"":[-48.59315256881195,-0.9194706090605362]}"
161,285.0,223.39999999999998,61.600000000000136,0.12101910822886662,0.652054,0.022463206,-0.022463206,0.0326944757241325,-0.9194706090605362,-48.59306273728354,10,"{""geodesic"":false,""type"":""Point"",""coordinates"":[-48.59306273728354,-0.9194706090605362]}"
162,318.0,204.79999999999995,113.20000000000005,0.1279163314046998,0.64922744,0.040059347,-0.040059347,0.05927552133998296,-0.9194706090605362,-48.59297290575513,10,"{""geodesic"":false,""type"":""Point"",""coordinates"":[-48.59297290575513,-0.9194706090605362]}"
163,420.0,137.5999999999999,282.4000000000001,0.16279069761132145,0.66996354,0.08381503,-0.08381503,0.12366737726687912,-0.9194706090605362,-48.59288307422672,10,"{""geodesic"":false,""type"":""Point"",""coordinates"":[-48.59288307422672,-0.9194706090605362]}"
164,457.0,50.799999999999955,406.20000000000005,0.19242105255055958,0.70591426,0.1328,-0.1328,0.19927971164552255,-0.9194706090605362,-48.592793242698306,10,"{""geodesic"":false,""type"":""Point"",""coordinates"":[-48.592793242698306,-0.9194706090605362]}"
165,321.0,-4.600000000000023,325.6,0.21076822047881272,0.744113,0.17153749,-0.17153749,0.2636718744850159,-0.9194706090605362,-48.59270341116989,10,"{""geodesic"":false,""type"":""Point"",""coordinates"":[-48.59270341116989,-0.9194706090605362]}"
166,360.0,-93.0,453.0,0.28301886770202916,0.8340096,0.2890995,-0.2890995,0.45522387946461723,-0.9194706090605362,-48.59261357964148,10,"{""geodesic"":false,""type"":""Point"",""coordinates"":[-48.59261357964148,-0.9194706090605362]}"
167,192.0,408.5999999999999,-216.5999999999999,0.066852367664745,0.52719074,-0.045482866,0.045482866,-0.0661231883459029,-0.9193807775321242,-48.59342206339719,10,"{""geodesic"":false,""type"":""Point"",""coordinates"":[-48.59342206339719,-0.9193807775321242]}"
168,227.0,248.19999999999993,-21.200000000000045,0.09763440856015725,0.6348428,0.0039339103,-0.0039339103,0.005847953209534558,-0.9193807775321242,-48.59333223186878,10,"{""geodesic"":false,""type"":""Point"",""coordinates"":[-48.59333223186878,-0.9193807775321242]}"
169,293.0,208.79999999999995,84.20000000000005,0.12744671590802667,0.65008575,0.028571429,-0.028571429,0.04142692745520492,-0.9193807775321242,-48.593242400340365,10,"{""geodesic"":false,""type"":""Point"",""coordinates"":[-48.593242400340365,-0.9193807775321242]}"
170,265.0,213.19999999999993,51.799999999999955,0.11447084228316595,0.65081173,0.025437202,-0.025437202,0.037825059056944374,-0.9193807775321242,-48.59315256881195,10,"{""geodesic"":false,""type"":""Point"",""coordinates"":[-48.59315256881195,-0.9193807775321242]}"
171,308.0,183.5999999999999,124.40000000000009,0.1316239315676821,0.6593345,0.045813587,-0.045813587,0.06791569078698396,-0.9193807775321242,-48.59306273728354,10,"{""geodesic"":false,""type"":""Point"",""coordinates"":[-48.59306273728354,-0.9193807775321242]}"
172,374.0,145.19999999999993,228.79999999999995,0.15265306116218244,0.6686649,0.07458143,-0.07458143,0.1108597283813804,-0.9193807775321242,-48.59297290575513,10,"{""geodesic"":false,""type"":""Point"",""coordinates"":[-48.59297290575513,-0.9193807775321242]}"
173,436.0,127.59999999999991,308.4000000000001,0.17111459961887182,0.6666667,0.0890511,-0.0890511,0.13006396574620047,-0.9193807775321242,-48.59288307422672,10,"{""geodesic"":false,""type"":""Point"",""coordinates"":[-48.59288307422672,-0.9193807775321242]}"
174,405.0,59.39999999999998,345.60000000000014,0.19221642136107434,0.70430595,0.12243074,-0.12243074,0.18050065852371455,-0.9193807775321242,-48.592793242698306,10,"{""geodesic"":false,""type"":""Point"",""coordinates"":[-48.592793242698306,-0.9193807775321242]}"
175,281.0,-43.200000000000045,324.20000000000005,0.1910265124466169,0.8036212,0.21666667,-0.21666667,0.38329238235063295,-0.9193807775321242,-48.59270341116989,10,"{""geodesic"":false,""type"":""Point"",""coordinates"":[-48.59270341116989,-0.9193807775321242]}"
176,154.0,423.1999999999998,-269.1999999999998,0.053066850429680616,0.5348327,-0.052109182,0.052109182,-0.07734806622711964,-0.9192909460037123,-48.59342206339719,10,"{""geodesic"":false,""type"":""Point"",""coordinates"":[-48.59342206339719,-0.9192909460037123]}"
177,218.0,318.19999999999993,-100.20000000000005,0.0881164106353612,0.5919308,-0.025343955,0.025343955,-0.03642039538353757,-0.9192909460037123,-48.59333223186878,10,"{""geodesic"":false,""type"":""Point"",""coordinates"":[-48.59333223186878,-0.9192909460037123]}"
178,237.0,249.0,-12.0,0.10454344944660633,0.6318115,7.993605E-4,-7.993605E-4,0.0011614401844814864,-0.9192909460037123,-48.593242400340365,10,"{""geodesic"":false,""type"":""Point"",""coordinates"":[-48.593242400340365,-0.9192909460037123]}"
179,177.0,269.79999999999995,-92.79999999999995,0.07752956632609305,0.63255817,-0.0136327185,0.0136327185,-0.02058111377653618,-0.9192909460037123,-48.59315256881195,10,"{""geodesic"":false,""type"":""Point"",""coordinates"":[-48.59315256881195,-0.9192909460037123]}"
180,262.0,227.19999999999993,34.799999999999955,0.11167945434284764,0.6455982,0.01875,-0.01875,0.02771362583404893,-0.9192909460037123,-48.59306273728354,10,"{""geodesic"":false,""type"":""Point"",""coordinates"":[-48.59306273728354,-0.9192909460037123]}"
181,452.0,97.59999999999991,354.4000000000001,0.1861614496762103,0.68329716,0.10429448,-0.10429448,0.15111111094320986,-0.9192909460037123,-48.59297290575513,10,"{""geodesic"":false,""type"":""Point"",""coordinates"":[-48.59297290575513,-0.9192909460037123]}"
182,352.0,173.39999999999998,178.60000000000014,0.1430894308361425,0.6734481,0.0579383,-0.0579383,0.08546059923922242,-0.9192909460037123,-48.59288307422672,10,"{""geodesic"":false,""type"":""Point"",""coordinates"":[-48.59288307422672,-0.9192909460037123]}"
183,285.0,139.5999999999999,145.4000000000001,0.14200298946586795,0.68609315,0.059149724,-0.059149724,0.08767123275661474,-0.9192909460037123,-48.592793242698306,10,"{""geodesic"":false,""type"":""Point"",""coordinates"":[-48.592793242698306,-0.9192909460037123]}"
184,278.0,-54.60000000000002,332.6,0.19828815963032226,0.82370824,0.23348017,-0.23348017,0.41842105153047093,-0.9192909460037123,-48.59270341116989,10,"{""geodesic"":false,""type"":""Point"",""coordinates"":[-48.59270341116989,-0.9192909460037123]}"
185,-26.0,724.5999999999999,-750.5999999999999,-0.007242339830851716,0.44545892,-0.12860636,0.12860636,-0.1890726094974316,-0.9192011144753004,-48.59342206339719,10,"{""geodesic"":false,""type"":""Point"",""coordinates"":[-48.59342206339719,-0.9192011144753004]}"
186,136.0,543.1999999999998,-407.1999999999998,0.04292929291574202,0.49273857,-0.08425721,0.08425721,-0.1200631910584019,-0.9192011144753004,-48.59333223186878,10,"{""geodesic"":false,""type"":""Point"",""coordinates"":[-48.59333223186878,-0.9192011144753004]}"
187,157.0,442.5999999999999,-285.5999999999999,0.05723660223943252,0.5410017,-0.06991661,0.06991661,-0.09909090900082644,-0.9192011144753004,-48.593242400340365,10,"{""geodesic"":false,""type"":""Point"",""coordinates"":[-48.593242400340365,-0.9192011144753004]}"
188,166.0,319.5999999999999,-153.5999999999999,0.06645316250342148,0.5890251,-0.027737226,0.027737226,-0.04185022021822663,-0.9192011144753004,-48.59315256881195,10,"{""geodesic"":false,""type"":""Point"",""coordinates"":[-48.59315256881195,-0.9192011144753004]}"
189,198.0,259.5999999999999,-61.59999999999991,0.0835443037622176,0.6367738,-0.00155521,0.00155521,-0.002369668243637834,-0.9192011144753004,-48.59306273728354,10,"{""geodesic"":false,""type"":""Point"",""coordinates"":[-48.59306273728354,-0.9192011144753004]}"
190,501.0,46.0,455.0,0.1954740537668849,0.6966527,0.13818721,-0.13818721,0.20782122881807685,-0.9192011144753004,-48.59297290575513,10,"{""geodesic"":false,""type"":""Point"",""coordinates"":[-48.59297290575513,-0.9192011144753004]}"
191,401.0,112.39999999999998,288.60000000000014,0.16123843982258207,0.6918304,0.09559939,-0.09559939,0.14466130867432686,-0.9192011144753004,-48.59288307422672,10,"{""geodesic"":false,""type"":""Point"",""coordinates"":[-48.59288307422672,-0.9192011144753004]}"
192,344.0,83.19999999999993,260.79999999999995,0.171999999914,0.72030425,0.10150376,-0.10150376,0.15126050398983124,-0.9192011144753004,-48.592793242698306,10,"{""geodesic"":false,""type"":""Point"",""coordinates"":[-48.592793242698306,-0.9192011144753004]}"
193,233.0,352.5999999999999,-119.59999999999991,0.08230307308996712,0.56775767,-0.021086263,0.021086263,-0.030985915463862986,-0.9191112829468884,-48.59315256881195,10,"{""geodesic"":false,""type"":""Point"",""coordinates"":[-48.59315256881195,-0.9191112829468884]}"
194,310.0,209.19999999999993,100.79999999999995,0.12778235773792979,0.6509847,0.034795765,-0.034795765,0.05099778264856122,-0.9191112829468884,-48.59306273728354,10,"{""geodesic"":false,""type"":""Point"",""coordinates"":[-48.59306273728354,-0.9191112829468884]}"
195,403.0,136.39999999999998,266.60000000000014,0.15422885566236938,0.679112,0.08489209,-0.08489209,0.1281216068098571,-0.9191112829468884,-48.59297290575513,10,"{""geodesic"":false,""type"":""Point"",""coordinates"":[-48.59297290575513,-0.9191112829468884]}"
196,419.0,132.39999999999998,286.60000000000014,0.163863902947257,0.6734481,0.08613139,-0.08613139,0.12729234074725745,-0.9191112829468884,-48.59288307422672,10,"{""geodesic"":false,""type"":""Point"",""coordinates"":[-48.59288307422672,-0.9191112829468884]}"
197,428.0,-40.00000000000006,468.0,0.2448512584411606,0.76893455,0.20353982,-0.20353982,0.30463576108504015,-0.9191112829468884,-48.592793242698306,10,"{""geodesic"":false,""type"":""Point"",""coordinates"":[-48.592793242698306,-0.9191112829468884]}"
198,356.0,153.5999999999999,202.4000000000001,0.14759535648938835,0.6983017,0.06790123,-0.06790123,0.10091743107692955,-0.9190214514184765,-48.59288307422672,10,"{""geodesic"":false,""type"":""Point"",""coordinates"":[-48.59288307422672,-0.9190214514184765]}"
199,472.0,-82.20000000000005,554.2,0.28433734922630277,0.7958148,0.24678363,-0.24678363,0.3619210971493635,-0.9190214514184765,-48.592793242698306,10,"{""geodesic"":false,""type"":""Point"",""coordinates"":[-48.592793242698306,-0.9190214514184765]}"
